"","creative_properties","n"
"1","web_view_url:https://iwillvote.com/?state=AZ&utm_source=HFP&utm_campaign=HFP-DCS-MOT-2024&utm_medium=ads&utm_content=Snap-Story-AZ-X-MOT-1P-Ad1049",2
"2","web_view_url:https://iwillvote.com/?state=AZ&utm_source=HFP&utm_campaign=HFP-DCS-MOT-2024&utm_medium=ads&utm_content=Snap-Story-AZ-X-MOT-1P-Ad1050",2
"3","web_view_url:https://iwillvote.com/?state=AZ&utm_source=HFP&utm_campaign=HFP-DCS-MOT-2024&utm_medium=ads&utm_content=Snap-Story-AZ-X-MOT-1P-Ad1051",2
"4","web_view_url:https://iwillvote.com/?state=AZ&utm_source=HFP&utm_campaign=HFP-DCS-MOT-2024&utm_medium=ads&utm_content=Snap-Story-AZ-X-MOT-ZIPs-Ad1050",2
"5","web_view_url:https://iwillvote.com/?state=AZ&utm_source=HFP&utm_campaign=HFP-DCS-MOT-2024&utm_medium=ads&utm_content=Snap-Story-AZ-X-MOT-ZIPs-Ad1051",2
"6","web_view_url:https://iwillvote.com/?state=GA&utm_source=HFP&utm_campaign=HFP-DCS-MOT-2024&utm_medium=ads&utm_content=Snap-Story-GA-X-MOT-1P-Ad1049",4
"7","web_view_url:https://iwillvote.com/?state=GA&utm_source=HFP&utm_campaign=HFP-DCS-MOT-2024&utm_medium=ads&utm_content=Snap-Story-GA-X-MOT-1P-Ad1050",4
"8","web_view_url:https://iwillvote.com/?state=GA&utm_source=HFP&utm_campaign=HFP-DCS-MOT-2024&utm_medium=ads&utm_content=Snap-Story-GA-X-MOT-1P-Ad1051",4
"9","web_view_url:https://iwillvote.com/?state=GA&utm_source=HFP&utm_campaign=HFP-DCS-MOT-2024&utm_medium=ads&utm_content=Snap-Story-GA-X-MOT-ZIPs-Ad1050",2
"10","web_view_url:https://iwillvote.com/?state=GA&utm_source=HFP&utm_campaign=HFP-DCS-MOT-2024&utm_medium=ads&utm_content=Snap-Story-GA-X-MOT-ZIPs-Ad1051",2
"11","web_view_url:https://iwillvote.com/?state=MI&utm_source=HFP&utm_campaign=HFP-DCS-MOT-2024&utm_medium=ads&utm_content=Snap-Story-MI-X-MOT-1P-Ad1049",4
"12","web_view_url:https://iwillvote.com/?state=MI&utm_source=HFP&utm_campaign=HFP-DCS-MOT-2024&utm_medium=ads&utm_content=Snap-Story-MI-X-MOT-1P-Ad1050",4
"13","web_view_url:https://iwillvote.com/?state=MI&utm_source=HFP&utm_campaign=HFP-DCS-MOT-2024&utm_medium=ads&utm_content=Snap-Story-MI-X-MOT-1P-Ad1051",4
"14","web_view_url:https://iwillvote.com/?state=MI&utm_source=HFP&utm_campaign=HFP-DCS-MOT-2024&utm_medium=ads&utm_content=Snap-Story-MI-X-MOT-ZIPs-Ad1050",3
"15","web_view_url:https://iwillvote.com/?state=MI&utm_source=HFP&utm_campaign=HFP-DCS-MOT-2024&utm_medium=ads&utm_content=Snap-Story-MI-X-MOT-ZIPs-Ad1051",3
"16","web_view_url:https://iwillvote.com/?state=NE&utm_source=HFP&utm_campaign=HFP-DCS-MOT-2024&utm_medium=ads&utm_content=Snap-Story-NE-X-MOT-1P-Ad1050",1
"17","web_view_url:https://iwillvote.com/?state=NE&utm_source=HFP&utm_campaign=HFP-DCS-MOT-2024&utm_medium=ads&utm_content=Snap-Story-NE-X-MOT-1P-Ad1051",1
"18","web_view_url:https://iwillvote.com/?state=NE&utm_source=HFP&utm_campaign=HFP-DCS-MOT-2024&utm_medium=ads&utm_content=Snap-Story-NE-X-MOT-ZIPs-Ad1050",1
"19","web_view_url:https://iwillvote.com/?state=NE&utm_source=HFP&utm_campaign=HFP-DCS-MOT-2024&utm_medium=ads&utm_content=Snap-Story-NE-X-MOT-ZIPs-Ad1051",1
"20","web_view_url:https://iwillvote.com/?state=NV&utm_source=HFP&utm_campaign=HFP-DCS-MOT-2024&utm_medium=ads&utm_content=Snap-Story-NV-X-MOT-1P-Ad1049",4
"21","web_view_url:https://iwillvote.com/?state=NV&utm_source=HFP&utm_campaign=HFP-DCS-MOT-2024&utm_medium=ads&utm_content=Snap-Story-NV-X-MOT-1P-Ad1050",4
"22","web_view_url:https://iwillvote.com/?state=NV&utm_source=HFP&utm_campaign=HFP-DCS-MOT-2024&utm_medium=ads&utm_content=Snap-Story-NV-X-MOT-1P-Ad1051",4
"23","web_view_url:https://iwillvote.com/?state=NV&utm_source=HFP&utm_campaign=HFP-DCS-MOT-2024&utm_medium=ads&utm_content=Snap-Story-NV-X-MOT-ZIPs-Ad1050",1
"24","web_view_url:https://iwillvote.com/?state=NV&utm_source=HFP&utm_campaign=HFP-DCS-MOT-2024&utm_medium=ads&utm_content=Snap-Story-NV-X-MOT-ZIPs-Ad1051",1
"25","web_view_url:https://iwillvote.com/?state=PA&utm_source=HFP&utm_campaign=HFP-DCS-MOT-2024&utm_medium=ads&utm_content=Snap-Story-PA-X-MOT-1P-Ad1049",4
"26","web_view_url:https://iwillvote.com/?state=PA&utm_source=HFP&utm_campaign=HFP-DCS-MOT-2024&utm_medium=ads&utm_content=Snap-Story-PA-X-MOT-1P-Ad1050",4
"27","web_view_url:https://iwillvote.com/?state=PA&utm_source=HFP&utm_campaign=HFP-DCS-MOT-2024&utm_medium=ads&utm_content=Snap-Story-PA-X-MOT-1P-Ad1051",4
"28","web_view_url:https://iwillvote.com/?state=PA&utm_source=HFP&utm_campaign=HFP-DCS-MOT-2024&utm_medium=ads&utm_content=Snap-Story-PA-X-MOT-ZIPs-Ad1050",2
"29","web_view_url:https://iwillvote.com/?state=PA&utm_source=HFP&utm_campaign=HFP-DCS-MOT-2024&utm_medium=ads&utm_content=Snap-Story-PA-X-MOT-ZIPs-Ad1051",2
"30","web_view_url:https://iwillvote.com/?state=WI&utm_source=HFP&utm_campaign=HFP-DCS-MOT-2024&utm_medium=ads&utm_content=Snap-Story-WI-X-MOT-1P-Ad1049",2
"31","web_view_url:https://iwillvote.com/?state=WI&utm_source=HFP&utm_campaign=HFP-DCS-MOT-2024&utm_medium=ads&utm_content=Snap-Story-WI-X-MOT-1P-Ad1050",2
"32","web_view_url:https://iwillvote.com/?state=WI&utm_source=HFP&utm_campaign=HFP-DCS-MOT-2024&utm_medium=ads&utm_content=Snap-Story-WI-X-MOT-1P-Ad1051",2
"33","web_view_url:https://iwillvote.com/?state=WI&utm_source=HFP&utm_campaign=HFP-DCS-MOT-2024&utm_medium=ads&utm_content=Snap-Story-WI-X-MOT-ZIPs-Ad1050",2
"34","web_view_url:https://iwillvote.com/?state=WI&utm_source=HFP&utm_campaign=HFP-DCS-MOT-2024&utm_medium=ads&utm_content=Snap-Story-WI-X-MOT-ZIPs-Ad1051",2
"35","web_view_url:https://iwillvote.com/Locate?state=AZ&utm_source=HFP&utm_campaign=HFP-DCS-VBMC-2024&utm_medium=ads&utm_content=Snap-Story-AZ-X-VBMC-1P-Ad1009",2
"36","web_view_url:https://iwillvote.com/Locate?state=AZ&utm_source=HFP&utm_campaign=HFP-DCS-VBMC-2024&utm_medium=ads&utm_content=Snap-Story-AZ-X-VBMC-1P-Ad1011",2
"37","web_view_url:https://iwillvote.com/Locate?state=AZ&utm_source=HFP&utm_campaign=HFP-DCS-VBMC-2024&utm_medium=ads&utm_content=Snap-Story-AZ-X-VBMC-1P-Ad1012",2
"38","web_view_url:https://iwillvote.com/Locate?state=AZ&utm_source=HFP&utm_campaign=HFP-DCS-VBMC-2024&utm_medium=ads&utm_content=Snap-Story-AZ-X-VBMC-1P-Ad1014",2
"39","web_view_url:https://iwillvote.com/Locate?state=AZ&utm_source=HFP&utm_campaign=HFP-DCS-VBMC-2024&utm_medium=ads&utm_content=Snap-Story-AZ-X-VBMC-1P-Ad1105",2
"40","web_view_url:https://iwillvote.com/Locate?state=GA&utm_source=HFP&utm_campaign=HFP-DCS-VBMC-2024&utm_medium=ads&utm_content=Snap-Story-GA-X-VBMC-1P-Ad1009",2
"41","web_view_url:https://iwillvote.com/Locate?state=GA&utm_source=HFP&utm_campaign=HFP-DCS-VBMC-2024&utm_medium=ads&utm_content=Snap-Story-GA-X-VBMC-1P-Ad1011",2
"42","web_view_url:https://iwillvote.com/Locate?state=GA&utm_source=HFP&utm_campaign=HFP-DCS-VBMC-2024&utm_medium=ads&utm_content=Snap-Story-GA-X-VBMC-1P-Ad1012",2
"43","web_view_url:https://iwillvote.com/Locate?state=GA&utm_source=HFP&utm_campaign=HFP-DCS-VBMC-2024&utm_medium=ads&utm_content=Snap-Story-GA-X-VBMC-1P-Ad1014",2
"44","web_view_url:https://iwillvote.com/Locate?state=GA&utm_source=HFP&utm_campaign=HFP-DCS-VBMC-2024&utm_medium=ads&utm_content=Snap-Story-GA-X-VBMC-1P-Ad1095",2
"45","web_view_url:https://iwillvote.com/Locate?state=MI&utm_source=HFP&utm_campaign=HFP-DCS-VBMC-2024&utm_medium=ads&utm_content=Snap-Story-MI-X-VBMC-1P-Ad1009",4
"46","web_view_url:https://iwillvote.com/Locate?state=MI&utm_source=HFP&utm_campaign=HFP-DCS-VBMC-2024&utm_medium=ads&utm_content=Snap-Story-MI-X-VBMC-1P-Ad1011",4
"47","web_view_url:https://iwillvote.com/Locate?state=MI&utm_source=HFP&utm_campaign=HFP-DCS-VBMC-2024&utm_medium=ads&utm_content=Snap-Story-MI-X-VBMC-1P-Ad1012",4
"48","web_view_url:https://iwillvote.com/Locate?state=MI&utm_source=HFP&utm_campaign=HFP-DCS-VBMC-2024&utm_medium=ads&utm_content=Snap-Story-MI-X-VBMC-1P-Ad1014",4
"49","web_view_url:https://iwillvote.com/Locate?state=MI&utm_source=HFP&utm_campaign=HFP-DCS-VBMC-2024&utm_medium=ads&utm_content=Snap-Story-MI-X-VBMC-1P-Ad1034",4
"50","web_view_url:https://iwillvote.com/Locate?state=NE&utm_source=HFP&utm_campaign=HFP-DCS-VBMC-2024&utm_medium=ads&utm_content=Snap-Story-NE-X-VBMC-1P-Ad1009",1
"51","web_view_url:https://iwillvote.com/Locate?state=NE&utm_source=HFP&utm_campaign=HFP-DCS-VBMC-2024&utm_medium=ads&utm_content=Snap-Story-NE-X-VBMC-1P-Ad1011",1
"52","web_view_url:https://iwillvote.com/Locate?state=NE&utm_source=HFP&utm_campaign=HFP-DCS-VBMC-2024&utm_medium=ads&utm_content=Snap-Story-NE-X-VBMC-1P-Ad1012",1
"53","web_view_url:https://iwillvote.com/Locate?state=NE&utm_source=HFP&utm_campaign=HFP-DCS-VBMC-2024&utm_medium=ads&utm_content=Snap-Story-NE-X-VBMC-1P-Ad1014",1
"54","web_view_url:https://iwillvote.com/Locate?state=NE&utm_source=HFP&utm_campaign=HFP-DCS-VBMC-2024&utm_medium=ads&utm_content=Snap-Story-NE-X-VBMC-1P-Ad1043",1
"55","web_view_url:https://iwillvote.com/Locate?state=NV&utm_source=HFP&utm_campaign=HFP-DCS-VBMC-2024&utm_medium=ads&utm_content=Snap-Story-NV-X-VBMC-1P-Ad1009",4
"56","web_view_url:https://iwillvote.com/Locate?state=NV&utm_source=HFP&utm_campaign=HFP-DCS-VBMC-2024&utm_medium=ads&utm_content=Snap-Story-NV-X-VBMC-1P-Ad1011",4
"57","web_view_url:https://iwillvote.com/Locate?state=NV&utm_source=HFP&utm_campaign=HFP-DCS-VBMC-2024&utm_medium=ads&utm_content=Snap-Story-NV-X-VBMC-1P-Ad1012",4
"58","web_view_url:https://iwillvote.com/Locate?state=NV&utm_source=HFP&utm_campaign=HFP-DCS-VBMC-2024&utm_medium=ads&utm_content=Snap-Story-NV-X-VBMC-1P-Ad1014",4
"59","web_view_url:https://iwillvote.com/Locate?state=NV&utm_source=HFP&utm_campaign=HFP-DCS-VBMC-2024&utm_medium=ads&utm_content=Snap-Story-NV-X-VBMC-1P-Ad1086",4
"60","web_view_url:https://iwillvote.com/Locate?state=PA&utm_source=HFP&utm_campaign=HFP-DCS-VBMC-2024&utm_medium=ads&utm_content=Snap-Story-PA-X-VBMC-1P-Ad1009",4
"61","web_view_url:https://iwillvote.com/Locate?state=PA&utm_source=HFP&utm_campaign=HFP-DCS-VBMC-2024&utm_medium=ads&utm_content=Snap-Story-PA-X-VBMC-1P-Ad1011",4
"62","web_view_url:https://iwillvote.com/Locate?state=PA&utm_source=HFP&utm_campaign=HFP-DCS-VBMC-2024&utm_medium=ads&utm_content=Snap-Story-PA-X-VBMC-1P-Ad1012",4
"63","web_view_url:https://iwillvote.com/Locate?state=PA&utm_source=HFP&utm_campaign=HFP-DCS-VBMC-2024&utm_medium=ads&utm_content=Snap-Story-PA-X-VBMC-1P-Ad1014",4
"64","web_view_url:https://iwillvote.com/Locate?state=PA&utm_source=HFP&utm_campaign=HFP-DCS-VBMC-2024&utm_medium=ads&utm_content=Snap-Story-PA-X-VBMC-1P-Ad1026",4
"65","web_view_url:https://iwillvote.com/Locate?state=WI&utm_source=HFP&utm_campaign=HFP-DCS-VBMC-2024&utm_medium=ads&utm_content=Snap-Story-WI-X-VBMC-1P-Ad1004",2
"66","web_view_url:https://iwillvote.com/Locate?state=WI&utm_source=HFP&utm_campaign=HFP-DCS-VBMC-2024&utm_medium=ads&utm_content=Snap-Story-WI-X-VBMC-1P-Ad1009",2
"67","web_view_url:https://iwillvote.com/Locate?state=WI&utm_source=HFP&utm_campaign=HFP-DCS-VBMC-2024&utm_medium=ads&utm_content=Snap-Story-WI-X-VBMC-1P-Ad1011",2
"68","web_view_url:https://iwillvote.com/Locate?state=WI&utm_source=HFP&utm_campaign=HFP-DCS-VBMC-2024&utm_medium=ads&utm_content=Snap-Story-WI-X-VBMC-1P-Ad1012",2
"69","web_view_url:https://iwillvote.com/Locate?state=WI&utm_source=HFP&utm_campaign=HFP-DCS-VBMC-2024&utm_medium=ads&utm_content=Snap-Story-WI-X-VBMC-1P-Ad1014",2
"70","web_view_url:https://kamalaharris.com/issues/?utm_medium=ads&utm_source=Snapchat&utm_content=Devastating.17s&utm_campaign=September#Stand-With-Our-Allies-Stand-Up-to-Dictators-and-Lead-on-the-World-Stage",1
"71","web_view_url:https://kamalaharris.com/issues/?utm_medium=ads&utm_source=Snapchat&utm_content=Feed-NoPlan.4s&utm_campaign=Debate1/#Strengthen-and-Bring-Down-the-Cost-of-Health-Care",15
"72","web_view_url:https://kamalaharris.com/issues/?utm_medium=ads&utm_source=Snapchat&utm_content=Feed-RvWDebate.22s&utm_campaign=Debate1/#Restore-and-Protect-Reproductive-Freedoms",15
"73","web_view_url:https://kamalaharris.com/issues/?utm_medium=ads&utm_source=Snapchat&utm_content=Feed-SCOTUSDebate.23s&utm_campaign=Debate1/#Restore-and-Protect-Reproductive-Freedoms",15
"74","web_view_url:https://kamalaharris.com/issues/?utm_medium=ads&utm_source=Snapchat&utm_content=Feed-TrumpSCOTUS.17s&utm_campaign=Debate1",15
"75","web_view_url:https://kamalaharris.com/issues/?utm_medium=ads&utm_source=Snapchat&utm_content=Feed-WEWDebate.35s&utm_campaign=Debate1/#Restore-and-Protect-Reproductive-Freedoms",15
"76","web_view_url:https://kamalaharris.com/issues/?utm_medium=ads&utm_source=Snapchat&utm_content=IWillNotBeSilent.15s&utm_campaign=September#Stand-With-Our-Allies-Stand-Up-to-Dictators-and-Lead-on-the-World-Stage",1
"77","web_view_url:https://kamalaharris.com/issues/?utm_medium=ads&utm_source=Snapchat&utm_content=MyVoice.30s&utm_campaign=September",2
"78","web_view_url:https://kamalaharris.com/issues/?utm_medium=ads&utm_source=Snapchat&utm_content=Stories&utm_campaign=A-H",7
"79","web_view_url:https://kamalaharris.com/issues/?utm_medium=ads&utm_source=Snapchat&utm_content=Stories&utm_campaign=A-M",7
"80","web_view_url:https://kamalaharris.com/issues/?utm_medium=ads&utm_source=Snapchat&utm_content=Stories&utm_campaign=B-C",12
"81","web_view_url:https://kamalaharris.com/issues/?utm_medium=ads&utm_source=Snapchat&utm_content=Stories&utm_campaign=B-P",24
"82","web_view_url:https://kamalaharris.com/issues/?utm_medium=ads&utm_source=Snapchat&utm_content=Stories&utm_campaign=GM-C",232
"83","web_view_url:https://kamalaharris.com/issues/?utm_medium=ads&utm_source=Snapchat&utm_content=Stories&utm_campaign=GM-I#Restore-and-Protect-Reproductive-Freedoms",26
"84","web_view_url:https://kamalaharris.com/issues/?utm_medium=ads&utm_source=Snapchat&utm_content=Stories&utm_campaign=GM-R#Restore-and-Protect-Reproductive-Freedoms",195
"85","web_view_url:https://kamalaharris.com/issues/?utm_medium=ads&utm_source=Snapchat&utm_content=Stories&utm_campaign=GM-RMD#Restore-and-Protect-Reproductive-Freedoms",55
"86","web_view_url:https://kamalaharris.com/issues/?utm_medium=ads&utm_source=Snapchat&utm_content=Stories&utm_campaign=GM-RMD#Support-American-Innovation-and-Workers",14
"87","web_view_url:https://kamalaharris.com/issues/?utm_medium=ads&utm_source=Snapchat&utm_content=Stories&utm_campaign=GM-RMD#trump-issues-freedoms",14
"88","web_view_url:https://kamalaharris.com/issues/?utm_medium=ads&utm_source=Snapchat&utm_content=Stories&utm_campaign=GM-RMDBT#Secure-Our-Borders-and-Fix-Our-Broken-Immigration-System",14
"89","web_view_url:https://kamalaharris.com/issues/?utm_medium=ads&utm_source=Snapchat&utm_content=Stories&utm_campaign=GM-RMDBT#Strengthen-and-Bring-Down-the-Cost-of-Health-Care",14
"90","web_view_url:https://kamalaharris.com/issues/?utm_medium=ads&utm_source=Snapchat&utm_content=Stories&utm_campaign=GM-RV#Restore-and-Protect-Reproductive-Freedoms",18
"91","web_view_url:https://kamalaharris.com/issues/?utm_medium=ads&utm_source=Snapchat&utm_content=Stories&utm_campaign=L-E",70
"92","web_view_url:https://kamalaharris.com/issues/?utm_medium=ads&utm_source=Snapchat&utm_content=Stories&utm_campaign=L-E#Make-Rent-More-Affordable-and-Home-Ownership-More-Attainable",11
"93","web_view_url:https://kamalaharris.com/issues/?utm_medium=ads&utm_source=Snapchat&utm_content=Stories&utm_campaign=L-M#Secure-Our-Borders-and-Fix-Our-Broken-Immigration-System",11
"94","web_view_url:https://kamalaharris.com/issues/?utm_medium=ads&utm_source=Snapchat&utm_content=TaxCuts.30s&utm_campaign=September",11
"95","web_view_url:https://kamalaharris.com/meet-kamala-harris/?utm_medium=ads&utm_source=Snapchat&utm_content=ALotofGoodStuff.21s&utm_campaign=September",14
"96","web_view_url:https://kamalaharris.com/meet-kamala-harris/?utm_medium=ads&utm_source=Snapchat&utm_content=BlackJobs.26s&utm_campaign=August",24
"97","web_view_url:https://kamalaharris.com/meet-kamala-harris/?utm_medium=ads&utm_source=Snapchat&utm_content=DontPlay.83s&utm_campaign=September",10
"98","web_view_url:https://kamalaharris.com/meet-kamala-harris/?utm_medium=ads&utm_source=Snapchat&utm_content=EconFuture.20s&utm_campaign=September",15
"99","web_view_url:https://kamalaharris.com/meet-kamala-harris/?utm_medium=ads&utm_source=Snapchat&utm_content=EconomicPlanList.16s&utm_campaign=September",14
"100","web_view_url:https://kamalaharris.com/meet-kamala-harris/?utm_medium=ads&utm_source=Snapchat&utm_content=Eliminar.42s&utm_campaign=September",11
"101","web_view_url:https://kamalaharris.com/meet-kamala-harris/?utm_medium=ads&utm_source=Snapchat&utm_content=Feed-AsPresident.6s&utm_campaign=September",15
"102","web_view_url:https://kamalaharris.com/meet-kamala-harris/?utm_medium=ads&utm_source=Snapchat&utm_content=Feed-CameInHandy.34s&utm_campaign=Debate1",15
"103","web_view_url:https://kamalaharris.com/meet-kamala-harris/?utm_medium=ads&utm_source=Snapchat&utm_content=Feed-DHAPDebate.32s&utm_campaign=Debate1",14
"104","web_view_url:https://kamalaharris.com/meet-kamala-harris/?utm_medium=ads&utm_source=Snapchat&utm_content=Feed-Felon.14s&utm_campaign=September",14
"105","web_view_url:https://kamalaharris.com/meet-kamala-harris/?utm_medium=ads&utm_source=Snapchat&utm_content=Feed-Hate-20240822-1&utm_campaign=August",14
"106","web_view_url:https://kamalaharris.com/meet-kamala-harris/?utm_medium=ads&utm_source=Snapchat&utm_content=Feed-Hate-20240822-2&utm_campaign=August",14
"107","web_view_url:https://kamalaharris.com/meet-kamala-harris/?utm_medium=ads&utm_source=Snapchat&utm_content=Feed-MadeTheFriesA.17s&utm_campaign=September",15
"108","web_view_url:https://kamalaharris.com/meet-kamala-harris/?utm_medium=ads&utm_source=Snapchat&utm_content=Feed-MadeTheFriesC.20s&utm_campaign=September",14
"109","web_view_url:https://kamalaharris.com/meet-kamala-harris/?utm_medium=ads&utm_source=Snapchat&utm_content=Feed-MiddleClass.15s&utm_campaign=September",15
"110","web_view_url:https://kamalaharris.com/meet-kamala-harris/?utm_medium=ads&utm_source=Snapchat&utm_content=Feed-MiddleClassA.6s&utm_campaign=September",15
"111","web_view_url:https://kamalaharris.com/meet-kamala-harris/?utm_medium=ads&utm_source=Snapchat&utm_content=Feed-NJBDebate.22s&utm_campaign=Debate1",15
"112","web_view_url:https://kamalaharris.com/meet-kamala-harris/?utm_medium=ads&utm_source=Snapchat&utm_content=Feed-OTC.30s&utm_campaign=August",17
"113","web_view_url:https://kamalaharris.com/meet-kamala-harris/?utm_medium=ads&utm_source=Snapchat&utm_content=Feed-PresidentForAll.35s&utm_campaign=Debate1",15
"114","web_view_url:https://kamalaharris.com/meet-kamala-harris/?utm_medium=ads&utm_source=Snapchat&utm_content=Feed-ProvedToThem.34s&utm_campaign=Debate1",15
"115","web_view_url:https://kamalaharris.com/meet-kamala-harris/?utm_medium=ads&utm_source=Snapchat&utm_content=Feed-SignIntoLaw.30s&utm_campaign=August",1
"116","web_view_url:https://kamalaharris.com/meet-kamala-harris/?utm_medium=ads&utm_source=Snapchat&utm_content=Feed-StandsBeforeAmerica.49s&utm_campaign=Debate1",15
"117","web_view_url:https://kamalaharris.com/meet-kamala-harris/?utm_medium=ads&utm_source=Snapchat&utm_content=Feed-TheSeal.15s&utm_campaign=August",14
"118","web_view_url:https://kamalaharris.com/meet-kamala-harris/?utm_medium=ads&utm_source=Snapchat&utm_content=Feed-TheSeal.30s&utm_campaign=August",14
"119","web_view_url:https://kamalaharris.com/meet-kamala-harris/?utm_medium=ads&utm_source=Snapchat&utm_content=Feed-TrumpsNotFightingForYou.15s&utm_campaign=September",15
"120","web_view_url:https://kamalaharris.com/meet-kamala-harris/?utm_medium=ads&utm_source=Snapchat&utm_content=Feed-UnlikeDonaldTrump.10s&utm_campaign=September",14
"121","web_view_url:https://kamalaharris.com/meet-kamala-harris/?utm_medium=ads&utm_source=Snapchat&utm_content=Feed-UnlikeDonaldTrumpAlt.9s&utm_campaign=September",15
"122","web_view_url:https://kamalaharris.com/meet-kamala-harris/?utm_medium=ads&utm_source=Snapchat&utm_content=Feed-WalkTheWalk.20s&utm_campaign=September",15
"123","web_view_url:https://kamalaharris.com/meet-kamala-harris/?utm_medium=ads&utm_source=Snapchat&utm_content=Foundation.30s&utm_campaign=September",10
"124","web_view_url:https://kamalaharris.com/meet-kamala-harris/?utm_medium=ads&utm_source=Snapchat&utm_content=Foundation.60s&utm_campaign=September",10
"125","web_view_url:https://kamalaharris.com/meet-kamala-harris/?utm_medium=ads&utm_source=Snapchat&utm_content=HousingCostsA.28s&utm_campaign=September",14
"126","web_view_url:https://kamalaharris.com/meet-kamala-harris/?utm_medium=ads&utm_source=Snapchat&utm_content=HousingCostsB.29s&utm_campaign=September",15
"127","web_view_url:https://kamalaharris.com/meet-kamala-harris/?utm_medium=ads&utm_source=Snapchat&utm_content=IApprove.6s&utm_campaign=September",14
"128","web_view_url:https://kamalaharris.com/meet-kamala-harris/?utm_medium=ads&utm_source=Snapchat&utm_content=Libertad.32s&utm_campaign=September",11
"129","web_view_url:https://kamalaharris.com/meet-kamala-harris/?utm_medium=ads&utm_source=Snapchat&utm_content=MadeTheFriesA.17s&utm_campaign=September",11
"130","web_view_url:https://kamalaharris.com/meet-kamala-harris/?utm_medium=ads&utm_source=Snapchat&utm_content=MadeTheFriesB.18s&utm_campaign=September",11
"131","web_view_url:https://kamalaharris.com/meet-kamala-harris/?utm_medium=ads&utm_source=Snapchat&utm_content=Maintain.52s&utm_campaign=September",11
"132","web_view_url:https://kamalaharris.com/meet-kamala-harris/?utm_medium=ads&utm_source=Snapchat&utm_content=ManyOfUs.59s&utm_campaign=September",10
"133","web_view_url:https://kamalaharris.com/meet-kamala-harris/?utm_medium=ads&utm_source=Snapchat&utm_content=PriceGougingContrast.25s&utm_campaign=September",14
"134","web_view_url:https://kamalaharris.com/meet-kamala-harris/?utm_medium=ads&utm_source=Snapchat&utm_content=PriceGougingPositive.22s&utm_campaign=September",26
"135","web_view_url:https://kamalaharris.com/meet-kamala-harris/?utm_medium=ads&utm_source=Snapchat&utm_content=Stories&utm_campaign=B-B",10
"136","web_view_url:https://kamalaharris.com/meet-kamala-harris/?utm_medium=ads&utm_source=Snapchat&utm_content=Stories&utm_campaign=GM-RV",36
"137","web_view_url:https://kamalaharris.com/meet-kamala-harris/?utm_medium=ads&utm_source=Snapchat&utm_content=Story-MadeTheFriesB.18s&utm_campaign=September",14
"138","web_view_url:https://kamalaharris.com/meet-kamala-harris/?utm_medium=ads&utm_source=Snapchat&utm_content=Story-ReadyOnDayOne.6s&utm_campaign=August",34
"139","web_view_url:https://kamalaharris.com/meet-kamala-harris/?utm_medium=ads&utm_source=Snapchat&utm_content=Story-VPHarrisStandsUpForYou.33s&utm_campaign=August",33
"140","web_view_url:https://kamalaharris.com/meet-kamala-harris/?utm_medium=ads&utm_source=Snapchat&utm_content=Story-WeCanCountOnKamalaHarris.19s&utm_campaign=August",34
"141","web_view_url:https://kamalaharris.com/meet-kamala-harris/?utm_medium=ads&utm_source=Snapchat&utm_content=TaxCut.11s&utm_campaign=September",14
"142","web_view_url:https://kamalaharris.com/meet-kamala-harris/?utm_medium=ads&utm_source=Snapchat&utm_content=TaxCutALT.26s&utm_campaign=September",15
"143","web_view_url:https://kamalaharris.com/meet-kamala-harris/?utm_medium=ads&utm_source=Snapchat&utm_content=ThisPerson.54s&utm_campaign=September",11
"144","web_view_url:https://kamalaharris.com/meet-kamala-harris/?utm_medium=ads&utm_source=Snapchat&utm_content=TrumpAntiVeteran.5s&utm_campaign=September",7
"145","web_view_url:https://kamalaharris.com/meet-kamala-harris/?utm_medium=ads&utm_source=Snapchat&utm_content=TrumpTaxCutdown1.15s&utm_campaign=September",15
"146","web_view_url:https://kamalaharris.com/meet-kamala-harris/?utm_medium=ads&utm_source=Snapchat&utm_content=TrumpTaxCutdown2.15s&utm_campaign=September",14
"147","web_view_url:https://kamalaharris.com/meet-kamala-harris/?utm_medium=ads&utm_source=Snapchat&utm_content=TrumpsNotFightingForYou.15s&utm_campaign=September",11
"148","web_view_url:https://kamalaharris.com/meet-kamala-harris/?utm_medium=ads&utm_source=Snapchat&utm_content=Trust.33s&utm_campaign=September",11
"149","web_view_url:https://kamalaharris.com/meet-kamala-harris/?utm_medium=ads&utm_source=Snapchat&utm_content=VeryMindful.15s&utm_campaign=September",15
"150","web_view_url:https://kamalaharris.com/meet-kamala-harris?utm_medium=ads&utm_source=Snapchat&utm_content=Determinacion.15s&utm_campaign=August",22
"151","web_view_url:https://kamalaharris.com/meet-kamala-harris?utm_medium=ads&utm_source=Snapchat&utm_content=Determinacion.30s&utm_campaign=August",22
"152","web_view_url:https://kamalaharris.com/meet-kamala-harris?utm_medium=ads&utm_source=Snapchat&utm_content=Determinacion.60s&utm_campaign=August",22
"153","web_view_url:https://kamalaharris.com/meet-kamala-harris?utm_medium=ads&utm_source=Snapchat&utm_content=Determination.15s&utm_campaign=August",22
"154","web_view_url:https://kamalaharris.com/meet-kamala-harris?utm_medium=ads&utm_source=Snapchat&utm_content=Determination.30s&utm_campaign=August",22
"155","web_view_url:https://kamalaharris.com/meet-kamala-harris?utm_medium=ads&utm_source=Snapchat&utm_content=Determination.60s&utm_campaign=August",22
"156","web_view_url:https://kamalaharris.com/meet-kamala-harris?utm_medium=ads&utm_source=Snapchat&utm_content=Feed-BisonInTheWH.63s&utm_campaign=August",56
"157","web_view_url:https://kamalaharris.com/meet-kamala-harris?utm_medium=ads&utm_source=Snapchat&utm_content=Feed-SpeechEcon.30s&utm_campaign=August",32
"158","web_view_url:https://kamalaharris.com/meet-kamala-harris?utm_medium=ads&utm_source=Snapchat&utm_content=IApproveThisMessage.17s&utm_campaign=August",14
"159","web_view_url:https://kamalaharris.com/meet-kamala-harris?utm_medium=ads&utm_source=Snapchat&utm_content=MyMother.30s&utm_campaign=September",7
"160","web_view_url:https://kamalaharris.com/meet-kamala-harris?utm_medium=ads&utm_source=Snapchat&utm_content=Reduced.15s&utm_campaign=August",14
"161","web_view_url:https://kamalaharris.com/meet-kamala-harris?utm_medium=ads&utm_source=Snapchat&utm_content=VotingForEveryone.72s&utm_campaign=August",14
"162","web_view_url:https://kamalaharris.com/project2025/?utm_medium=ads&utm_source=Snapchat&utm_content=Backwards.30s&utm_campaign=September",10
"163","web_view_url:https://kamalaharris.com/project2025/?utm_medium=ads&utm_source=Snapchat&utm_content=CanYouBelieveTheyPutItInWriting.30s&utm_campaign=September",30
"164","web_view_url:https://kamalaharris.com/project2025/?utm_medium=ads&utm_source=Snapchat&utm_content=Feed-CSDebate.25s&utm_campaign=Debate1",15
"165","web_view_url:https://kamalaharris.com/project2025/?utm_medium=ads&utm_source=Snapchat&utm_content=Feed-FNDebate.26s&utm_campaign=Debate1",15
"166","web_view_url:https://kamalaharris.com/project2025/?utm_medium=ads&utm_source=Snapchat&utm_content=Retribution.30s&utm_campaign=September",30
"167","web_view_url:https://kamalaharris.com/project2025/?utm_medium=ads&utm_source=Snapchat&utm_content=Stories&utm_campaign=A-P",35
"168","web_view_url:https://kamalaharris.com/project2025/?utm_medium=ads&utm_source=Snapchat&utm_content=Stories&utm_campaign=B-C",36
"169","web_view_url:https://kamalaharris.com/project2025/?utm_medium=ads&utm_source=Snapchat&utm_content=Stories&utm_campaign=GM-P",150
"170","web_view_url:https://kamalaharris.com/project2025/?utm_medium=ads&utm_source=Snapchat&utm_content=Stories&utm_campaign=GM-RV",9
"171","web_view_url:https://kamalaharris.com/project2025/?utm_medium=ads&utm_source=Snapchat&utm_content=TheOne.48s&utm_campaign=September",10
"172","web_view_url:https://kamalaharris.com/project2025/?utm_medium=ads&utm_source=Snapchat&utm_content=TheOne.5s&utm_campaign=September",10
"173","web_view_url:https://kamalaharris.com/welcome-back-to-campus/?utm_medium=ads&utm_source=Snapchat&utm_content=Commercial-FreedomRedux.8s&utm_campaign=August",1
"174","web_view_url:https://kamalaharris.com/welcome-back-to-campus/?utm_medium=ads&utm_source=Snapchat&utm_content=Feed-BackToSchoolDTC.49s&utm_campaign=August",17
"175","web_view_url:https://kamalaharris.com/welcome-back-to-campus/?utm_medium=ads&utm_source=Snapchat&utm_content=Feed-Chronic.53s&utm_campaign=September",18
"176","web_view_url:https://kamalaharris.com/welcome-back-to-campus/?utm_medium=ads&utm_source=Snapchat&utm_content=Feed-CollegeAgeHealthcare.71s&utm_campaign=September",17
"177","web_view_url:https://kamalaharris.com?utm_medium=ads&utm_source=Snapchat&utm_content=Feed-Believe.30s&utm_campaign=August",32
"178","web_view_url:https://kamalaharris.com?utm_medium=ads&utm_source=Snapchat&utm_content=Feed-CNNClip.47s&utm_campaign=August",32
"179","web_view_url:https://kamalaharris.com?utm_medium=ads&utm_source=Snapchat&utm_content=Feed-ChangetheChannel.6s&utm_campaign=August",26
"180","web_view_url:https://kamalaharris.com?utm_medium=ads&utm_source=Snapchat&utm_content=Feed-Convicted.6s&utm_campaign=August",26
"181","web_view_url:https://kamalaharris.com?utm_medium=ads&utm_source=Snapchat&utm_content=Feed-ExposingVance.6s&utm_campaign=August",32
"182","web_view_url:https://kamalaharris.com?utm_medium=ads&utm_source=Snapchat&utm_content=Feed-Fearless.30s&utm_campaign=August",32
"183","web_view_url:https://kamalaharris.com?utm_medium=ads&utm_source=Snapchat&utm_content=Feed-Fearless.60s&utm_campaign=August",32
"184","web_view_url:https://kamalaharris.com?utm_medium=ads&utm_source=Snapchat&utm_content=Feed-FelonvProsecutor.6s&utm_campaign=August",32
"185","web_view_url:https://kamalaharris.com?utm_medium=ads&utm_source=Snapchat&utm_content=Feed-Freedom.30s&utm_campaign=August",32
"186","web_view_url:https://kamalaharris.com?utm_medium=ads&utm_source=Snapchat&utm_content=Feed-Freedom.79s&utm_campaign=August",32
"187","web_view_url:https://kamalaharris.com?utm_medium=ads&utm_source=Snapchat&utm_content=Feed-GetAhead.15s&utm_campaign=August",32
"188","web_view_url:https://kamalaharris.com?utm_medium=ads&utm_source=Snapchat&utm_content=Feed-Guilty.15s&utm_campaign=August",32
"189","web_view_url:https://kamalaharris.com?utm_medium=ads&utm_source=Snapchat&utm_content=Feed-OTC.30s&utm_campaign=August",32
"190","web_view_url:https://kamalaharris.com?utm_medium=ads&utm_source=Snapchat&utm_content=Feed-OutForHimself.12s&utm_campaign=August",31
"191","web_view_url:https://kamalaharris.com?utm_medium=ads&utm_source=Snapchat&utm_content=Feed-Punish.6s&utm_campaign=August",26
"192","web_view_url:https://kamalaharris.com?utm_medium=ads&utm_source=Snapchat&utm_content=Feed-Ready.47s&utm_campaign=August",32
"193","web_view_url:https://kamalaharris.com?utm_medium=ads&utm_source=Snapchat&utm_content=Feed-SignIntoLaw.30s&utm_campaign=August",26
"194","web_view_url:https://kamalaharris.com?utm_medium=ads&utm_source=Snapchat&utm_content=Feed-TenToesDown.36s&utm_campaign=August",32
"195","web_view_url:https://kamalaharris.com?utm_medium=ads&utm_source=Snapchat&utm_content=Feed-WomensRights.30s&utm_campaign=August",32
"196","web_view_url:https://kamalaharris.com?utm_medium=ads&utm_source=Snapchat&utm_content=Feed-WontStop.6s&utm_campaign=August",26
"197","web_view_url:https://kamalaharris.com?utm_medium=ads&utm_source=Snapchat&utm_content=Never.30s&utm_campaign=August",24
"198","web_view_url:https://kamalaharris.com?utm_medium=ads&utm_source=Snapchat&utm_content=TenToesDown.36s&utm_campaign=August",24
"199","web_view_url:https://www.cnn.com/2024/07/17/politics/kfile-jd-vance-abortion-comments/index.html",32
"200","web_view_url:https://www.thecut.com/article/project-2025-trump-second-term-plans.html",30
"201",NA,529
